OliviaBell12202000,Olivia,Bell,12202000,APOS,CDEPT003L1
DavidDatta2162001,David,Datta,2162001,ONEG,dPATI00204
AnanyaGopalan9282001,Ananya,Gopalan,9282001,UNKNOWN,dPATI01405
AlpayAriyak532002,Alpay,Ariyak,532002,BPOS,FDEPT00101
SamKarkache8282001,Sam,Karkache,8282001,ABPOS,FDEPT00101
RosemaryShelton4252002,Rosemary,Shelton,4252002,ABNEG,FDEPT00101
ShafathZaman1082002,Shafath,Zaman,1082002,ANEG,FDEPT00101
TylerEvans10212001,Tyler,Evans,10212001,OPOS,FDEPT00101
ChandlerGarcia8282001,Chandler,Garcia,8282001,UNKNOWN,FDEPT00101
JacobAdams442002,Jacob,Adams,442002,ONEG,FDEPT00101
JackLeserman1242000,Jack,Leserman,12042000,ANEG,dPATI01405
LukeGardone4182002,Luke,Gardone,4182002,APOS,FDEPT00101
NathanPollock552002,Nathan,Pollock,5052002,APOS,HHALL00302
ColeOuellette10172002,Cole,Ouellette,10172002,BNEG,FDEPT00101
JoannaHu172002,Joanna,Hu,172002,APOS,FDEPT00101
